{
  "rasa_nlu_data": {
    "common_examples": [
      {
        "intent": "Radiographs (label:x-rays)",
        "entities": [
          {
            "start": 10,
            "end": 33,
            "value": "provided with bitewings",
            "entity": "coverage"
          }
        ],
        "text": "Will i be provided with bitewings?"
      },
      {
        "intent": "Radiographs (label:x-rays)",
        "entities": [
          {
            "start": 5,
            "end": 27,
            "value": "covered for x-ray film",
            "entity": "coverage"
          }
        ],
        "text": "Am I covered for x-ray film?"
      },
      {
        "intent": "Radiographs (label:x-rays)",
        "entities": [
          {
            "start": 3,
            "end": 18,
            "value": "panaromic x-ray",
            "entity": "coverage"
          }
        ],
        "text": "Is panaromic x-ray included in my plan?"
      },
      {
        "intent": "Space Maintainers",
        "entities": [
          {
            "start": 10,
            "end": 27,
            "value": "space maintainers",
            "entity": "coverage"
          }
        ],
        "text": "When will space maintainers be provided?"
      },
      {
        "intent": "Dental Cleaning",
        "entities": [
          {
            "start": 18,
            "end": 33,
            "value": "dental cleaning",
            "entity": "coverage"
          }
        ],
        "text": "Am I eligible for dental cleaning?"
      },
      {
        "intent": "Dental Cleaning",
        "entities": [
          {
            "start": 21,
            "end": 44,
            "value": "opt for dental cleaning",
            "entity": "coverage"
          }
        ],
        "text": "How many times can I opt for dental cleaning?"
      },
      {
        "intent": "Dental Cleaning",
        "entities": [
          {
            "start": 20,
            "end": 43,
            "value": "go for dental cleaning",
            "entity": "coverage"
          }
        ],
        "text": "How many times can I go for dental cleaning?"
      },
      {
        "intent": "Dental Cleaning",
        "entities": [
          {
            "start": 21,
            "end": 42,
            "value": "go for plaque removal",
            "entity": "coverage"
          },
          {
            "start": 28,
            "end": 42,
            "value": "plaque removal",
            "entity": "Dental Cleaning"
          }
        ],
        "text": "How many times can I go for plaque removal?"
      },
      {
        "intent": "Dental Cleaning",
        "entities": [
          {
            "start": 21,
            "end": 42,
            "value": "go for tartar removal",
            "entity": "coverage"
          },
          {
            "start": 28,
            "end": 42,
            "value": "tartar removal",
            "entity": "Dental Cleaning"
          }
        ],
        "text": "How many times can I go for tartar removal?"
      },
      {
        "intent": "Fluroide Treatment",
        "entities": [
          {
            "start": 5,
            "end": 35,
            "value": "covered for fluoride treatment",
            "entity": "coverage"
          }
        ],
        "text": "Am I covered for fluoride treatment?"
      },
      {
        "intent": "Fluroide Treatment",
        "entities": [
          {
            "start": 10,
            "end": 40,
            "value": "covered for fluoride treatment",
            "entity": "coverage"
          }
        ],
        "text": "Will I be covered for fluoride treatment?"
      },
      {
        "intent": "Fluroide Treatment",
        "entities": [
          {
            "start": 21,
            "end": 47,
            "value": "opt for fluoride treatment",
            "entity": "coverage"
          }
        ],
        "text": "How many times can I opt for fluoride treatment?"
      },
      {
        "intent": "Sealants",
        "entities": [
          {
            "start": 5,
            "end": 25,
            "value": "covered for sealants",
            "entity": "coverage"
          }
        ],
        "text": "Am I covered for sealants?"
      },
      {
        "intent": "Sealants",
        "entities": [
          {
            "start": 18,
            "end": 45,
            "value": "sealant application covered",
            "entity": "coverage"
          }
        ],
        "text": "How many times is sealant application covered?"
      }
    ],
    "regex_features": [],
    "entity_synonyms": []
  }
}