﻿{
  "rasa_nlu_data": {
    "common_examples": [
      {
        "text": "Will i be provided with bitewings?",
        "intent": "Radiographs (label:x-rays)",
        "entities": [
          {
            "start": 10,
            "end": 33,
            "value": "provided with bitewings",
            "entity": "coverage"
          }
        ]
      },
      {
        "text": "Am I covered for x-ray film?",
        "intent": "Radiographs (label:x-rays)",
        "entities": [
          {
            "start": 5,
            "end": 27,
            "value": "covered for x-ray film",
            "entity": "coverage"
          }
        ]
      },
      {
        "text": "Is panaromic x-ray included in my plan?",
        "intent": "Radiographs (label:x-rays)",
        "entities": [
          {
            "start": 3,
            "end": 18,
            "value": "panaromic x-ray",
            "entity": "coverage"
          }
        ]
      },
      {
        "text": "When will space maintainers be provided?",
        "intent": "Space Maintainers",
        "entities": [
          {
            "start": 10,
            "end": 27,
            "value": "space maintainers",
            "entity": "coverage"
          }
        ]
      },
      {
        "text": "Am I eligible for dental cleaning?",
        "intent": "Dental Cleaning",
        "entities": [
          {
            "start": 18,
            "end": 33,
            "value": "dental cleaning",
            "entity": "coverage"
          }
        ]
      },
      {
        "text": "How many times can I opt for dental cleaning?",
        "intent": "Dental Cleaning",
        "entities": [
          {
            "start": 21,
            "end": 44,
            "value": "opt for dental cleaning",
            "entity": "coverage"
          }
        ]
      },
      {
        "text": "How many times can I go for dental cleaning?",
        "intent": "Dental Cleaning",
        "entities": [
          {
            "start": 20,
            "end": 43,
            "value": "go for dental cleaning",
            "entity": "coverage"
          }
        ]
      },
      {
        "text": "How many times can I go for plaque removal?",
        "intent": "Dental Cleaning",
        "entities": [
          {
            "start": 21,
            "end": 42,
            "value": "go for plaque removal",
            "entity": "coverage"
          },
          {
            "start": 28,
            "end": 42,
            "value": "plaque removal",
            "entity": "Dental Cleaning"
          }
        ]
      },
      {
        "text": "How many times can I go for tartar removal?",
        "intent": "Dental Cleaning",
        "entities": [
          {
            "start": 21,
            "end": 42,
            "value": "go for tartar removal",
            "entity": "coverage"
          },
          {
            "start": 28,
            "end": 42,
            "value": "tartar removal",
            "entity": "Dental Cleaning"
          }
        ]
      },
      {
        "text": "Am I covered for fluoride treatment?",
        "intent": "Fluroide Treatment",
        "entities": [
          {
            "start": 5,
            "end": 35,
            "value": "covered for fluoride treatment",
            "entity": "coverage"
          }
        ]
      },
      {
        "text": "Will I be covered for fluoride treatment?",
        "intent": "Fluroide Treatment",
        "entities": [
          {
            "start": 10,
            "end": 40,
            "value": "covered for fluoride treatment",
            "entity": "coverage"
          }
        ]
      },
      {
        "text": "How many times can I opt for fluoride treatment?",
        "intent": "Fluroide Treatment",
        "entities": [
          {
            "start": 21,
            "end": 47,
            "value": "opt for fluoride treatment",
            "entity": "coverage"
          }
        ]
      },
      {
        "text": "Am I covered for sealants?",
        "intent": "Sealants",
        "entities": [
          {
            "start": 5,
            "end": 25,
            "value": "covered for sealants",
            "entity": "coverage"
          }
        ]
      },
      {
        "text": "How many times is sealant application covered?",
        "intent": "Sealants",
        "entities": [
          {
            "start": 18,
            "end": 45,
            "value": "sealant application covered",
            "entity": "coverage"
          }
        ]
      },
      {
        "text": "Can I opt for space maintainers?",
        "intent": "Space Maintainers",
        "entities": [
          {
            "start": 6,
            "end": 31,
            "value": "opt for space maintainers",
            "entity": "coverage"
          }
        ]
      },
      {
        "text": "Can I opt for amalgam filling?",
        "intent": "Fillings",
        "entities": [
          {
            "start": 6,
            "end": 29,
            "value": "opt for amalgam filling",
            "entity": "coverage"
          },
          {
            "start": 6,
            "end": 29,
            "value": "opt for amalgam filling",
            "entity": "conditions"
          }
        ]
      },
      {
        "text": "Can I get a dental filling?",
        "intent": "Fillings",
        "entities": [
          {
            "start": 6,
            "end": 26,
            "value": "get a dental filling",
            "entity": "coverage"
          },
          {
            "start": 6,
            "end": 26,
            "value": "get a dental filling",
            "entity": "conditions"
          }
        ]
      },
      {
        "text": "Can I get a tooth filling?",
        "intent": "Fillings",
        "entities": [
          {
            "start": 6,
            "end": 25,
            "value": "get a tooth filling",
            "entity": "coverage"
          },
          {
            "start": 6,
            "end": 25,
            "value": "get a tooth filling",
            "entity": "conditions"
          }
        ]
      },
      {
        "text": "Will my plan include silver filling?",
        "intent": "Fillings",
        "entities": [
          {
            "start": 13,
            "end": 35,
            "value": "include silver filling",
            "entity": "conditions"
          }
        ]
      },
      {
        "text": "Can I get a silver filling?",
        "intent": "Fillings",
        "entities": [
          {
            "start": 6,
            "end": 26,
            "value": "get a silver filling",
            "entity": "conditions"
          }
        ]
      },
      {
        "text": "How many times can I get a silver filling?",
        "intent": "Fillings",
        "entities": [
          {
            "start": 21,
            "end": 41,
            "value": "get a silver filling",
            "entity": "coverage"
          }
        ]
      },
      {
        "text": "What is a resin filling?",
        "intent": "Fillings",
        "entities": [
          {
            "start": 10,
            "end": 23,
            "value": "resin filling",
            "entity": "conditions"
          }
        ]
      },
      {
        "text": "Will my plan include resin filling?",
        "intent": "Fillings",
        "entities": [
          {
            "start": 13,
            "end": 34,
            "value": "include resin filling",
            "entity": "coverage"
          }
        ]
      },
      {
        "text": "Can I take up amalgam filling?",
        "intent": "Fillings",
        "entities": [
          {
            "start": 6,
            "end": 29,
            "value": "take up amalgam filling",
            "entity": "coverage"
          }
        ]
      },
      {
        "text": "Is gold foil restoration covered? ",
        "intent": "Gold Foil Restorations",
        "entities": [
          {
            "start": 3,
            "end": 32,
            "value": "gold foil restoration covered",
            "entity": "coverage"
          }
        ]
      },
      {
        "text": "How many times is resin crown covered? ",
        "intent": "Crown",
        "entities": [
          {
            "start": 18,
            "end": 37,
            "value": "resin crown covered",
            "entity": "coverage"
          }
        ]
      },
      {
        "text": "Is complex surgical extraction covered under my plan?",
        "intent": "Oral Surgery Services",
        "entities": [
          {
            "start": 3,
            "end": 38,
            "value": "complex surgical extraction covered",
            "entity": "coverage"
          }
        ]
      },
      {
        "text": " I have space between my teeth. Will I get dental service? ",
        "intent": "Dental Care",
        "entities": [
          {
            "start": 39,
            "end": 57,
            "value": "get dental service",
            "entity": "coverage"
          }
        ]
      },
      {
        "text": "What services are included in orthodontic care?",
        "intent": "Orthodontic Care",
        "entities": [
          {
            "start": 18,
            "end": 46,
            "value": "included in orthodontic care",
            "entity": "coverage"
          }
        ]
      },
      {
        "text": "What treatments are included in orthodontic care?",
        "intent": "Orthodontic Care",
        "entities": [
          {
            "start": 20,
            "end": 48,
            "value": "included in orthodontic care",
            "entity": "coverage"
          }
        ]
      },
      {
        "text": "What are the payment terms for getting orthodontic care?",
        "intent": "Orthodontic Care",
        "entities": [
          {
            "start": 13,
            "end": 55,
            "value": "payment terms for getting orthodontic care",
            "entity": "payment-terms"
          }
        ]
      },
      {
        "text": "What is not-covered in Orthodontic Treatment?",
        "intent": "Orthodontic Care",
        "entities": [
          {
            "start": 8,
            "end": 44,
            "value": "not-covered in Orthodontic Treatment",
            "entity": "not-covered"
          }
        ]
      },
      {
        "text": "Can I take up the treatment for accidental injury ?",
        "intent": "Treatment of Accidental Injury ",
        "entities": [
          {
            "start": 18,
            "end": 50,
            "value": "treatment for accidental injury ",
            "entity": "conditions"
          }
        ]
      }
    ]
  }
}