{
    "language": "en",
    "pipeline": [
        {
            "model": "en",
            "case_sensitive": false,
            "name": "nlp_spacy",
            "class": "rasa_nlu.utils.spacy_utils.SpacyNLP"
        },
        {
            "name": "tokenizer_spacy",
            "class": "rasa_nlu.tokenizers.spacy_tokenizer.SpacyTokenizer"
        },
        {
            "name": "intent_featurizer_spacy",
            "class": "rasa_nlu.featurizers.spacy_featurizer.SpacyFeaturizer"
        },
        {
            "name": "intent_entity_featurizer_regex",
            "regex_file": "regex_featurizer.json",
            "class": "rasa_nlu.featurizers.regex_featurizer.RegexFeaturizer"
        },
        {
            "BILOU_flag": true,
            "features": [
                [
                    "low",
                    "title",
                    "upper",
                    "pos",
                    "pos2"
                ],
                [
                    "bias",
                    "low",
                    "word3",
                    "word2",
                    "upper",
                    "title",
                    "digit",
                    "pos",
                    "pos2",
                    "pattern"
                ],
                [
                    "low",
                    "title",
                    "upper",
                    "pos",
                    "pos2"
                ]
            ],
            "max_iterations": 50,
            "L1_c": 1,
            "L2_c": 0.001,
            "name": "ner_crf",
            "classifier_file": "crf_model.pkl",
            "class": "rasa_nlu.extractors.crf_entity_extractor.CRFEntityExtractor"
        },
        {
            "name": "ner_synonyms",
            "synonyms_file": "entity_synonyms.json",
            "class": "rasa_nlu.extractors.entity_synonyms.EntitySynonymMapper"
        },
        {
            "C": [
                1,
                2,
                5,
                10,
                20,
                100
            ],
            "kernels": [
                "linear"
            ],
            "max_cross_validation_folds": 5,
            "name": "intent_classifier_sklearn",
            "classifier_file": "intent_classifier_sklearn.pkl",
            "class": "rasa_nlu.classifiers.sklearn_intent_classifier.SklearnIntentClassifier"
        }
    ],
    "training_data": "training_data.json",
    "trained_at": "20180516-130437",
    "rasa_nlu_version": "0.12.3"
}