CASES 12PK,CASES 18PK,CASES 30PK
223.5,439,55.00
215.0,98,66.75
227.5,70,242.00
244.5,52,488.50
313.5,64,308.75
279.0,72,111.75
238.0,47,252.50
315.5,85,221.25
217.0,59,245.25
209.5,63,148.50
227.0,57,229.75
216.5,54,312.00
169.0,404,96.75
178.0,380,123.25
301.5,65,200.50
266.5,40,359.75
182.5,456,113.50
159.0,176,136.50
285.5,61,225.50
360.0,91,122.25
263.0,59,443.75
443.5,83,322.75
1101.5,41,53.00
814.0,47,140.75
365.0,84,210.75
510.0,85,110.50
580.5,116,568.25
251.0,544,115.50
237.0,890,58.75
302.5,371,77.25
229.5,557,66.25
188.5,775,50.00
795.5,236,46.50
1556.5,43,65.75
807.5,63,252.75
243.0,469,179.00
201.5,335,226.25
294.0,75,288.50
220.5,461,114.25
255.5,817,70.00
920.5,200,47.75
730.0,32,98.75
262.5,460,77.00
209.5,751,160.50
283.0,70,143.50
262.5,80,133.00
310.0,523,68.75
278.5,741,81.75
741.5,130,56.25
1316.0,69,68.75
449.0,493,49.25
505.0,814,76.50
